epoch,height,active_validators,total_stake,gini_coefficient,avg_synergy_score,finality_rate,slashing_events,governance_participation,cartel_control,byzantine_stake_ratio
0,32,100,999999.9999999993,0.6810709225030713,30.309677419354838,1.0,0,0.71,0.17521276467220193,0.06521701275201634
1,64,100,999999.9999999993,0.6810709225030713,314.41904761904766,1.0,0,1.37,0.17521276467220193,0.06521701275201634
2,96,100,999999.9999999993,0.6810709225030713,304.5494736842106,1.0,0,1.06,0.17521276467220193,0.06521701275201634
3,128,100,999999.9999999993,0.6810709225030713,313.2194225721785,1.0,0,0.9533333333333334,0.17521276467220193,0.06521701275201634
4,160,100,999999.9999999993,0.6810709225030713,316.53396226415094,1.0,0,0.8875,0.17521276467220193,0.06521701275201634
5,192,100,999999.9999999993,0.6810709225030713,314.52146596858637,1.0,0,0.858,0.17521276467220193,0.06521701275201634
6,224,100,999999.9999999993,0.6810709225030713,316.5381165919283,1.0,0,0.83,0.17521276467220193,0.06521701275201634
7,256,100,999999.9999999993,0.6810709225030713,315.06084033613445,1.0,0,0.8128571428571428,0.17521276467220193,0.06521701275201634
8,288,100,999999.9999999993,0.6810709225030713,314.99233449477356,1.0,0,0.79625,0.17521276467220193,0.06521701275201634
9,320,100,999999.9999999993,0.6810709225030713,313.55123650296065,1.0,0,0.7866666666666666,0.17521276467220193,0.06521701275201634
10,352,100,999999.9999999993,0.6810709225030713,313.64871794871794,1.0,0,0.784,0.17521276467220193,0.06521701275201634
11,384,100,999999.9999999993,0.6810709225030713,315.5350344172799,1.0,0,0.7772727272727272,0.17521276467220193,0.06521701275201634
12,416,100,999999.9999999993,0.6810709225030713,315.44240963855424,1.0,0,0.7725,0.17521276467220193,0.06521701275201634
13,448,100,999999.9999999993,0.6810709225030713,315.6790913784202,1.0,0,0.7692307692307693,0.17521276467220193,0.06521701275201634
14,480,100,999999.9999999993,0.6810709225030713,316.19967193558006,1.0,0,0.7642857142857142,0.17521276467220193,0.06521701275201634
15,512,100,999999.9999999993,0.6810709225030713,315.8276581865623,1.0,0,0.7526666666666667,0.17521276467220193,0.06521701275201634
16,544,100,999999.9999999993,0.6810709225030713,312.7273480662983,1.0,0,0.750625,0.17521276467220193,0.06521701275201634
17,576,100,999999.9999999993,0.6810709225030713,313.0677135549872,1.0,0,0.7488235294117647,0.17521276467220193,0.06521701275201634
18,608,100,999999.9999999993,0.6810709225030713,313.3598938312283,1.0,0,0.7455555555555555,0.17521276467220193,0.06521701275201634
19,640,100,999999.9999999993,0.6810709225030713,313.00471954534225,1.0,0,0.741578947368421,0.17521276467220193,0.06521701275201634
20,672,100,999999.9999999993,0.6810709225030713,312.2707898658719,1.0,0,0.741,0.17521276467220193,0.06521701275201634
21,704,100,999999.9999999993,0.6810709225030713,312.7606787238366,1.0,0,0.7390476190476191,0.17521276467220193,0.06521701275201634
22,736,100,999999.9999999993,0.6810709225030713,312.6589610389611,1.0,0,0.7377272727272727,0.17521276467220193,0.06521701275201634
23,768,100,999999.9999999993,0.6810709225030713,312.73179524970243,1.0,0,0.7356521739130435,0.17521276467220193,0.06521701275201634
24,800,100,999999.9999999993,0.6810709225030713,312.46070087609513,1.0,0,0.7354166666666667,0.17521276467220193,0.06521701275201634
25,832,100,999999.9999999993,0.6810709225030713,312.8516245487365,1.0,0,0.7328,0.17521276467220193,0.06521701275201634
26,864,100,999999.9999999993,0.6810709225030713,312.30188965148403,1.0,0,0.7323076923076923,0.17521276467220193,0.06521701275201634
27,896,100,999999.9999999993,0.6810709225030713,312.52993999586187,1.0,0,0.7296296296296296,0.17521276467220193,0.06521701275201634
28,928,100,999999.9999999993,0.6810709225030713,311.89167822468795,1.0,0,0.73,0.17521276467220193,0.06521701275201634
29,960,100,999999.9999999993,0.6810709225030713,312.39088849735714,1.0,0,0.7289655172413793,0.17521276467220193,0.06521701275201634
30,992,100,999999.9999999993,0.6810709225030713,312.3225697948201,1.0,0,0.729,0.17521276467220193,0.06521701275201634
31,1024,100,999999.9999999993,0.6810709225030713,312.64956011730203,1.0,0,0.7287096774193549,0.17521276467220193,0.06521701275201634
32,1056,100,999999.9999999993,0.6810709225030713,312.837654028436,1.0,0,0.7278125,0.17521276467220193,0.06521701275201634
33,1088,100,999999.9999999993,0.6810709225030713,312.76282791112607,1.0,0,0.7269696969696969,0.17521276467220193,0.06521701275201634
34,1120,100,999999.9999999993,0.6810709225030713,312.69615202649425,1.0,0,0.7270588235294118,0.17521276467220193,0.06521701275201634
35,1152,100,999999.9999999993,0.6810709225030713,312.973017252079,1.0,0,0.7248571428571429,0.17521276467220193,0.06521701275201634
36,1184,100,999999.9999999993,0.6810709225030713,312.3509345355499,1.0,0,0.7247222222222223,0.17521276467220193,0.06521701275201634
37,1216,100,999999.9999999993,0.6810709225030713,312.51405405405404,1.0,0,0.7251351351351352,0.17521276467220193,0.06521701275201634
38,1248,100,999999.9999999993,0.6810709225030713,312.8844046764867,1.0,0,0.7226315789473684,0.17521276467220193,0.06521701275201634
39,1280,100,999999.9999999993,0.6810709225030713,312.10122892484117,1.0,0,0.721025641025641,0.17521276467220193,0.06521701275201634
40,1312,100,999999.9999999993,0.6810709225030713,311.6608695652174,1.0,0,0.72175,0.17521276467220193,0.06521701275201634
41,1344,100,999999.9999999993,0.6810709225030713,312.1242849100122,1.0,0,0.7209756097560975,0.17521276467220193,0.06521701275201634
42,1376,100,999999.9999999993,0.6810709225030713,311.9852640692641,1.0,0,0.7209523809523809,0.17521276467220193,0.06521701275201634
43,1408,100,999999.9999999993,0.6810709225030713,312.13603907373437,1.0,0,0.7190697674418605,0.17521276467220193,0.06521701275201634
44,1440,100,999999.9999999993,0.6810709225030713,311.55560679764994,1.0,0,0.7175,0.17521276467220193,0.06521701275201634
45,1472,100,999999.9999999993,0.6810709225030713,311.08027796661383,1.0,0,0.7175555555555555,0.17521276467220193,0.06521701275201634
46,1504,100,999999.9999999993,0.6810709225030713,311.24109172958435,1.0,0,0.716304347826087,0.17521276467220193,0.06521701275201634
47,1536,100,999999.9999999993,0.6810709225030713,310.88364266407933,1.0,0,0.7153191489361702,0.17521276467220193,0.06521701275201634
48,1568,100,999999.9999999993,0.6810709225030713,310.6238459902149,1.0,0,0.7154166666666667,0.17521276467220193,0.06521701275201634
49,1600,100,999999.9999999993,0.6810709225030713,310.78150246965583,1.0,0,0.7144897959183674,0.17521276467220193,0.06521701275201634
50,1632,100,999999.9999999993,0.6810709225030713,310.54076026977316,1.0,0,0.7134,0.17521276467220193,0.06521701275201634
51,1664,100,999999.9999999993,0.6810709225030713,310.2202079869831,1.0,0,0.7123529411764706,0.17521276467220193,0.06521701275201634
52,1696,100,999999.9999999993,0.6810709225030713,309.91569775357385,1.0,0,0.7117307692307693,0.17521276467220193,0.06521701275201634
53,1728,100,999999.9999999993,0.6810709225030713,309.7755317870449,1.0,0,0.7120754716981132,0.17521276467220193,0.06521701275201634
54,1760,100,999999.9999999993,0.6810709225030713,310.01178068346917,1.0,0,0.7105555555555556,0.17521276467220193,0.06521701275201634
55,1792,100,999999.9999999993,0.6810709225030713,309.5158519872088,1.0,0,0.71,0.17521276467220193,0.06521701275201634
56,1824,100,999999.9999999993,0.6810709225030713,309.39478097327793,1.0,0,0.7094642857142858,0.17521276467220193,0.06521701275201634
57,1856,100,999999.9999999993,0.6810709225030713,309.2732709131319,1.0,0,0.7087719298245614,0.17521276467220193,0.06521701275201634
58,1888,100,999999.9999999993,0.6810709225030713,309.08619045008504,1.0,0,0.7096551724137931,0.17521276467220193,0.06521701275201634
59,1920,100,999999.9999999993,0.6810709225030713,309.5164024341774,1.0,0,0.7098305084745763,0.17521276467220193,0.06521701275201634
60,1952,100,999999.9999999993,0.6810709225030713,309.665914915428,1.0,0,0.711,0.17521276467220193,0.06521701275201634
61,1984,100,999999.9999999993,0.6810709225030713,310.2036655836909,1.0,0,0.710327868852459,0.17521276467220193,0.06521701275201634
62,2016,100,999999.9999999993,0.6810709225030713,310.0145409429281,1.0,0,0.7103225806451613,0.17521276467220193,0.06521701275201634
63,2048,100,999999.9999999993,0.6810709225030713,310.089199060181,1.0,0,0.7101587301587302,0.17521276467220193,0.06521701275201634
64,2080,100,999999.9999999993,0.6810709225030713,310.0926767676768,1.0,0,0.71046875,0.17521276467220193,0.06521701275201634
65,2112,100,999999.9999999993,0.6810709225030713,310.2866304704296,1.0,0,0.71,0.17521276467220193,0.06521701275201634
66,2144,100,999999.9999999993,0.6810709225030713,310.16845826439857,1.0,0,0.71,0.17521276467220193,0.06521701275201634
67,2176,100,999999.9999999993,0.6810709225030713,310.23360782295424,1.0,0,0.7095522388059702,0.17521276467220193,0.06521701275201634
68,2208,100,999999.9999999993,0.6810709225030713,310.119419494123,1.0,0,0.7094117647058824,0.17521276467220193,0.06521701275201634
69,2240,100,999999.9999999993,0.6810709225030713,310.12555488669244,1.0,0,0.7094202898550724,0.17521276467220193,0.06521701275201634
70,2272,100,999999.9999999993,0.6810709225030713,310.18614832987356,1.0,0,0.7105714285714285,0.17521276467220193,0.06521701275201634
71,2304,100,999999.9999999993,0.6810709225030713,310.70003730590224,1.0,0,0.7102816901408451,0.17521276467220193,0.06521701275201634
72,2336,100,999999.9999999993,0.6810709225030713,310.64049964311204,1.0,0,0.7109722222222222,0.17521276467220193,0.06521701275201634
73,2368,100,999999.9999999993,0.6810709225030713,310.9681823706096,1.0,0,0.7110958904109589,0.17521276467220193,0.06521701275201634
74,2400,100,999999.9999999993,0.6810709225030713,311.06716649955507,1.0,0,0.7105405405405405,0.17521276467220193,0.06521701275201634
75,2432,100,999999.9999999993,0.6810709225030713,310.9004223227752,1.0,0,0.7110666666666666,0.17521276467220193,0.06521701275201634
76,2464,100,999999.9999999993,0.6810709225030713,311.15802295018915,1.0,0,0.7117105263157895,0.17521276467220193,0.06521701275201634
77,2496,100,999999.9999999993,0.6810709225030713,311.4578747104599,1.0,0,0.7111688311688311,0.17521276467220193,0.06521701275201634
78,2528,100,999999.9999999993,0.6810709225030713,311.2913478027051,1.0,0,0.7112820512820512,0.17521276467220193,0.06521701275201634
79,2560,100,999999.9999999993,0.6810709225030713,311.3825530146764,1.0,0,0.7110126582278481,0.17521276467220193,0.06521701275201634
80,2592,100,999999.9999999993,0.6810709225030713,311.32506754148983,1.0,0,0.71075,0.17521276467220193,0.06521701275201634
81,2624,100,999999.9999999993,0.6810709225030713,311.26648639998496,1.0,0,0.7108641975308642,0.17521276467220193,0.06521701275201634
82,2656,100,999999.9999999993,0.6810709225030713,311.3518340912223,1.0,0,0.7107317073170731,0.17521276467220193,0.06521701275201634
83,2688,100,999999.9999999993,0.6810709225030713,311.3419767645199,1.0,0,0.7108433734939759,0.17521276467220193,0.06521701275201634
84,2720,100,999999.9999999993,0.6810709225030713,311.4257167375961,1.0,0,0.7113095238095238,0.17521276467220193,0.06521701275201634
85,2752,100,999999.9999999993,0.6810709225030713,311.64768105715575,1.0,0,0.7116470588235294,0.17521276467220193,0.06521701275201634
86,2784,100,999999.9999999993,0.6810709225030713,311.81861802137564,1.0,0,0.7118604651162791,0.17521276467220193,0.06521701275201634
87,2816,100,999999.9999999993,0.6810709225030713,311.9403940303384,1.0,0,0.7116091954022988,0.17521276467220193,0.06521701275201634
88,2848,100,999999.9999999993,0.6810709225030713,311.87705718938605,1.0,0,0.71125,0.17521276467220193,0.06521701275201634
89,2880,100,999999.9999999993,0.6810709225030713,311.77155418352976,1.0,0,0.7107865168539326,0.17521276467220193,0.06521701275201634
90,2912,100,999999.9999999993,0.6810709225030713,311.6211687468988,1.0,0,0.71,0.17521276467220193,0.06521701275201634
91,2944,100,999999.9999999993,0.6810709225030713,311.34354493620555,1.0,0,0.7106593406593407,0.17521276467220193,0.06521701275201634
92,2976,100,999999.9999999993,0.6810709225030713,311.6369718670077,1.0,0,0.7107608695652174,0.17521276467220193,0.06521701275201634
93,3008,100,999999.9999999993,0.6810709225030713,311.710032147212,1.0,0,0.7108602150537634,0.17521276467220193,0.06521701275201634
94,3040,100,999999.9999999993,0.6810709225030713,311.78686858079016,1.0,0,0.711063829787234,0.17521276467220193,0.06521701275201634
95,3072,100,999999.9999999993,0.6810709225030713,311.89872320005486,1.0,0,0.7111578947368421,0.17521276467220193,0.06521701275201634
96,3104,100,999999.9999999993,0.6810709225030713,311.9679342571705,1.0,0,0.7116666666666667,0.17521276467220193,0.06521701275201634
97,3136,100,999999.9999999993,0.6810709225030713,312.2009539781977,1.0,0,0.7111340206185567,0.17521276467220193,0.06521701275201634
98,3168,100,999999.9999999993,0.6810709225030713,312.02020259951155,1.0,0,0.7110204081632653,0.17521276467220193,0.06521701275201634
99,3200,100,999999.9999999993,0.6810709225030713,312.0024682587046,1.0,0,0.7109090909090909,0.17521276467220193,0.06521701275201634
100,3232,100,999999.9999999993,0.6810709225030713,311.9880594243269,1.0,0,0.7107,0.17521276467220193,0.06521701275201634
101,3264,100,999999.9999999993,0.6810709225030713,311.93019483376474,1.0,0,0.711089108910891,0.17521276467220193,0.06521701275201634
102,3296,100,999999.9999999993,0.6810709225030713,312.11094349727756,1.0,0,0.7114705882352941,0.17521276467220193,0.06521701275201634
103,3328,100,999999.9999999993,0.6810709225030713,312.2886331602861,1.0,0,0.7116504854368932,0.17521276467220193,0.06521701275201634
104,3360,100,999999.9999999993,0.6810709225030713,312.38526805138895,1.0,0,0.7116346153846154,0.17521276467220193,0.06521701275201634
105,3392,100,999999.9999999993,0.6810709225030713,312.40342924548173,1.0,0,0.711047619047619,0.17521276467220193,0.06521701275201634
106,3424,100,999999.9999999993,0.6810709225030713,312.1948324045442,1.0,0,0.7113207547169811,0.17521276467220193,0.06521701275201634
107,3456,100,999999.9999999993,0.6810709225030713,312.3289273300242,1.0,0,0.7113084112149533,0.17521276467220193,0.06521701275201634
108,3488,100,999999.9999999993,0.6810709225030713,312.34985820348595,1.0,0,0.711574074074074,0.17521276467220193,0.06521701275201634
109,3520,100,999999.9999999993,0.6810709225030713,312.478024668184,1.0,0,0.7111009174311926,0.17521276467220193,0.06521701275201634
110,3552,100,999999.9999999993,0.6810709225030713,312.3095722075728,1.0,0,0.7108181818181818,0.17521276467220193,0.06521701275201634
111,3584,100,999999.9999999993,0.6810709225030713,312.2206638958244,1.0,0,0.7105405405405405,0.17521276467220193,0.06521701275201634
112,3616,100,999999.9999999993,0.6810709225030713,312.1327622999408,1.0,0,0.7105357142857143,0.17521276467220193,0.06521701275201634
113,3648,100,999999.9999999993,0.6810709225030713,312.1552433688982,1.0,0,0.7106194690265487,0.17521276467220193,0.06521701275201634
114,3680,100,999999.9999999993,0.6810709225030713,312.20980863411586,1.0,0,0.7114035087719298,0.17521276467220193,0.06521701275201634
115,3712,100,999999.9999999993,0.6810709225030713,312.5420899089663,1.0,0,0.7114782608695652,0.17521276467220193,0.06521701275201634
116,3744,100,999999.9999999993,0.6810709225030713,312.5922190387574,1.0,0,0.7110344827586207,0.17521276467220193,0.06521701275201634
117,3776,100,999999.9999999993,0.6810709225030713,312.4368397577404,1.0,0,0.711025641025641,0.17521276467220193,0.06521701275201634
118,3808,100,999999.9999999993,0.6810709225030713,312.4567375886525,1.0,0,0.7113559322033899,0.17521276467220193,0.06521701275201634
119,3840,100,999999.9999999993,0.6810709225030713,312.607551204905,1.0,0,0.7111764705882353,0.17521276467220193,0.06521701275201634
120,3872,100,999999.9999999993,0.6810709225030713,312.55523120640663,1.0,0,0.71175,0.17521276467220193,0.06521701275201634
121,3904,100,999999.9999999993,0.6810709225030713,312.8006047477783,1.0,0,0.7122314049586776,0.17521276467220193,0.06521701275201634
122,3936,100,999999.9999999993,0.6810709225030713,313.01099839606724,1.0,0,0.7123770491803278,0.17521276467220193,0.06521701275201634
123,3968,100,999999.9999999993,0.6810709225030713,313.08909970672687,1.0,0,0.7121138211382114,0.17521276467220193,0.06521701275201634
124,4000,100,999999.9999999993,0.6810709225030713,313.00570142535634,1.0,0,0.7116935483870968,0.17521276467220193,0.06521701275201634
125,4032,100,999999.9999999993,0.6810709225030713,312.85837261225504,1.0,0,0.712,0.17521276467220193,0.06521701275201634
126,4064,100,999999.9999999993,0.6810709225030713,312.9974723501674,1.0,0,0.7119047619047619,0.17521276467220193,0.06521701275201634
127,4096,100,999999.9999999993,0.6810709225030713,312.9746300943151,1.0,0,0.7121259842519685,0.17521276467220193,0.06521701275201634
128,4128,100,999999.9999999993,0.6810709225030713,313.0791797916162,1.0,0,0.712109375,0.17521276467220193,0.06521701275201634
129,4160,100,999999.9999999993,0.6810709225030713,313.089518015474,1.0,0,0.7117829457364341,0.17521276467220193,0.06521701275201634
130,4192,100,999999.9999999993,0.6810709225030713,312.97805186939047,1.0,0,0.7115384615384616,0.17521276467220193,0.06521701275201634
131,4224,100,999999.9999999993,0.6810709225030713,312.8971170236419,1.0,0,0.7115267175572519,0.17521276467220193,0.06521701275201634
132,4256,100,999999.9999999993,0.6810709225030713,312.9074714239932,1.0,0,0.7114393939393939,0.17521276467220193,0.06521701275201634
133,4288,100,999999.9999999993,0.6810709225030713,312.88871443830004,1.0,0,0.711203007518797,0.17521276467220193,0.06521701275201634
134,4320,100,999999.9999999993,0.6810709225030713,312.8124113168817,1.0,0,0.7111194029850746,0.17521276467220193,0.06521701275201634
135,4352,100,999999.9999999993,0.6810709225030713,312.79277475590965,1.0,0,0.711037037037037,0.17521276467220193,0.06521701275201634
136,4384,100,999999.9999999993,0.6810709225030713,312.77431654386595,1.0,0,0.7110294117647059,0.17521276467220193,0.06521701275201634
137,4416,100,999999.9999999993,0.6810709225030713,312.78749915268946,1.0,0,0.7112408759124088,0.17521276467220193,0.06521701275201634
138,4448,100,999999.9999999993,0.6810709225030713,312.88805447737116,1.0,0,0.7110869565217391,0.17521276467220193,0.06521701275201634
139,4480,100,999999.9999999993,0.6810709225030713,312.84167072236386,1.0,0,0.7110791366906475,0.17521276467220193,0.06521701275201634
140,4512,100,999999.9999999993,0.6810709225030713,312.8528929283973,1.0,0,0.7112142857142857,0.17521276467220193,0.06521701275201634
141,4544,100,999999.9999999993,0.6810709225030713,312.9218821567903,1.0,0,0.7109219858156028,0.17521276467220193,0.06521701275201634
142,4576,100,999999.9999999993,0.6810709225030713,312.82009882244284,1.0,0,0.7108450704225352,0.17521276467220193,0.06521701275201634
143,4608,100,999999.9999999993,0.6810709225030713,312.8052179641501,1.0,0,0.7104895104895105,0.17521276467220193,0.06521701275201634
144,4640,100,999999.9999999993,0.6810709225030713,312.6749059902757,1.0,0,0.7109722222222222,0.17521276467220193,0.06521701275201634
145,4672,100,999999.9999999993,0.6810709225030713,312.8805727194207,1.0,0,0.7106206896551724,0.17521276467220193,0.06521701275201634
146,4704,100,999999.9999999993,0.6810709225030713,312.7544636329478,1.0,0,0.7104109589041095,0.17521276467220193,0.06521701275201634
147,4736,100,999999.9999999993,0.6810709225030713,312.6849989584007,1.0,0,0.7102721088435374,0.17521276467220193,0.06521701275201634
148,4768,100,999999.9999999993,0.6810709225030713,312.6421155579746,1.0,0,0.7104054054054054,0.17521276467220193,0.06521701275201634
149,4800,100,999999.9999999993,0.6810709225030713,312.7084405168303,1.0,0,0.7105369127516779,0.17521276467220193,0.06521701275201634
150,4832,100,999999.9999999993,0.6810709225030713,312.77276340302217,1.0,0,0.7104,0.17521276467220193,0.06521701275201634
151,4864,100,999999.9999999993,0.6810709225030713,312.73132274656723,1.0,0,0.7108609271523179,0.17521276467220193,0.06521701275201634
152,4896,100,999999.9999999993,0.6810709225030713,312.9278210848879,1.0,0,0.7107236842105263,0.17521276467220193,0.06521701275201634
153,4928,100,999999.9999999993,0.6810709225030713,312.8850563322548,1.0,0,0.7105882352941176,0.17521276467220193,0.06521701275201634
154,4960,100,999999.9999999993,0.6810709225030713,312.84320990564186,1.0,0,0.71,0.17521276467220193,0.06521701275201634
155,4992,100,999999.9999999993,0.6810709225030713,312.62071729112404,1.0,0,0.710258064516129,0.17521276467220193,0.06521701275201634
156,5024,100,999999.9999999993,0.6810709225030713,312.73464933102605,1.0,0,0.7101923076923077,0.17521276467220193,0.06521701275201634
157,5056,100,999999.9999999993,0.6810709225030713,312.721284469561,1.0,0,0.7097452229299364,0.17521276467220193,0.06521701275201634
158,5088,100,999999.9999999993,0.6810709225030713,312.5559542442513,1.0,0,0.7094303797468354,0.17521276467220193,0.06521701275201634
159,5120,100,999999.9999999993,0.6810709225030713,312.44038094606236,1.0,0,0.7088050314465408,0.17521276467220193,0.06521701275201634
160,5152,100,999999.9999999993,0.6810709225030713,312.2043389633081,1.0,0,0.7085625,0.17521276467220193,0.06521701275201634
161,5184,100,999999.9999999993,0.6810709225030713,312.1186190400294,1.0,0,0.708136645962733,0.17521276467220193,0.06521701275201634
162,5216,100,999999.9999999993,0.6810709225030713,311.9589053419032,1.0,0,0.7078395061728395,0.17521276467220193,0.06521701275201634
163,5248,100,999999.9999999993,0.6810709225030713,311.8521177745741,1.0,0,0.7079754601226994,0.17521276467220193,0.06521701275201634
164,5280,100,999999.9999999993,0.6810709225030713,311.9168527853114,1.0,0,0.7079878048780488,0.17521276467220193,0.06521701275201634
165,5312,100,999999.9999999993,0.6810709225030713,311.93118855662635,1.0,0,0.7080606060606061,0.17521276467220193,0.06521701275201634
166,5344,100,999999.9999999993,0.6810709225030713,311.9713008124582,1.0,0,0.7081325301204819,0.17521276467220193,0.06521701275201634
167,5376,100,999999.9999999993,0.6810709225030713,312.010262971731,1.0,0,0.7081437125748503,0.17521276467220193,0.06521701275201634
168,5408,100,999999.9999999993,0.6810709225030713,312.0256730693017,1.0,0,0.708452380952381,0.17521276467220193,0.06521701275201634
169,5440,100,999999.9999999993,0.6810709225030713,312.15918889545264,1.0,0,0.7084615384615385,0.17521276467220193,0.06521701275201634
170,5472,100,999999.9999999993,0.6810709225030713,312.17354177642545,1.0,0,0.7082941176470589,0.17521276467220193,0.06521701275201634
171,5504,100,999999.9999999993,0.6810709225030713,312.11651560605435,1.0,0,0.708187134502924,0.17521276467220193,0.06521701275201634
172,5536,100,999999.9999999993,0.6810709225030713,312.08411293880386,1.0,0,0.7080232558139535,0.17521276467220193,0.06521701275201634
173,5568,100,999999.9999999993,0.6810709225030713,312.02858629143043,1.0,0,0.708150289017341,0.17521276467220193,0.06521701275201634
174,5600,100,999999.9999999993,0.6810709225030713,312.08799744617784,1.0,0,0.7078735632183908,0.17521276467220193,0.06521701275201634
175,5632,100,999999.9999999993,0.6810709225030713,311.98539767105564,1.0,0,0.7080571428571428,0.17521276467220193,0.06521701275201634
176,5664,100,999999.9999999993,0.6810709225030713,312.06721220682897,1.0,0,0.7080681818181818,0.17521276467220193,0.06521701275201634
177,5696,100,999999.9999999993,0.6810709225030713,312.08151723932684,1.0,0,0.7086440677966102,0.17521276467220193,0.06521701275201634
178,5728,100,999999.9999999993,0.6810709225030713,312.32027592539185,1.0,0,0.7084269662921349,0.17521276467220193,0.06521701275201634
179,5760,100,999999.9999999993,0.6810709225030713,312.24143410217283,1.0,0,0.7083240223463687,0.17521276467220193,0.06521701275201634
180,5792,100,999999.9999999993,0.6810709225030713,312.20972581975866,1.0,0,0.7084444444444444,0.17521276467220193,0.06521701275201634
181,5824,100,999999.9999999993,0.6810709225030713,312.26733243956386,1.0,0,0.7084530386740332,0.17521276467220193,0.06521701275201634
182,5856,100,999999.9999999993,0.6810709225030713,312.27927403083675,1.0,0,0.7082967032967032,0.17521276467220193,0.06521701275201634
183,5888,100,999999.9999999993,0.6810709225030713,312.22489982094476,1.0,0,0.708087431693989,0.17521276467220193,0.06521701275201634
184,5920,100,999999.9999999993,0.6810709225030713,312.14932678111023,1.0,0,0.7077173913043479,0.17521276467220193,0.06521701275201634
185,5952,100,999999.9999999993,0.6810709225030713,312.0115206619828,1.0,0,0.707891891891892,0.17521276467220193,0.06521701275201634
186,5984,100,999999.9999999993,0.6810709225030713,312.088996601482,1.0,0,0.7078494623655914,0.17521276467220193,0.06521701275201634
187,6016,100,999999.9999999993,0.6810709225030713,312.0815786736368,1.0,0,0.7080748663101605,0.17521276467220193,0.06521701275201634
188,6048,100,999999.9999999993,0.6810709225030713,312.179283203558,1.0,0,0.7082446808510638,0.17521276467220193,0.06521701275201634
189,6080,100,999999.9999999993,0.6810709225030713,312.2546417495916,1.0,0,0.7081481481481482,0.17521276467220193,0.06521701275201634
190,6112,100,999999.9999999993,0.6810709225030713,312.22379660491436,1.0,0,0.7082631578947368,0.17521276467220193,0.06521701275201634
191,6144,100,999999.9999999993,0.6810709225030713,312.2770440624114,1.0,0,0.7085340314136126,0.17521276467220193,0.06521701275201634
192,6176,100,999999.9999999993,0.6810709225030713,312.39393724696356,1.0,0,0.7084375,0.17521276467220193,0.06521701275201634
193,6208,100,999999.9999999993,0.6810709225030713,312.36434812442246,1.0,0,0.7083937823834197,0.17521276467220193,0.06521701275201634
194,6240,100,999999.9999999993,0.6810709225030713,312.35467288406977,1.0,0,0.7081958762886598,0.17521276467220193,0.06521701275201634
195,6272,100,999999.9999999993,0.6810709225030713,312.2835105839252,1.0,0,0.7079487179487179,0.17521276467220193,0.06521701275201634
196,6304,100,999999.9999999993,0.6810709225030713,312.19257107888376,1.0,0,0.7080102040816326,0.17521276467220193,0.06521701275201634
197,6336,100,999999.9999999993,0.6810709225030713,312.22499785656197,1.0,0,0.7079187817258883,0.17521276467220193,0.06521701275201634
198,6368,100,999999.9999999993,0.6810709225030713,312.1956429379392,1.0,0,0.7080808080808081,0.17521276467220193,0.06521701275201634
199,6400,100,999999.9999999993,0.6810709225030713,312.2673668388827,1.0,0,0.7082412060301507,0.17521276467220193,0.06521701275201634
200,6432,100,999999.9999999993,0.6810709225030713,312.3377204167315,1.0,0,0.7081,0.17521276467220193,0.06521701275201634
201,6464,100,999999.9999999993,0.6810709225030713,312.28797094521207,1.0,0,0.707910447761194,0.17521276467220193,0.06521701275201634
202,6496,100,999999.9999999993,0.6810709225030713,312.2180806256146,1.0,0,0.7079207920792079,0.17521276467220193,0.06521701275201634
203,6528,100,999999.9999999993,0.6810709225030713,312.23036239764957,1.0,0,0.7079310344827586,0.17521276467220193,0.06521701275201634
204,6560,100,999999.9999999993,0.6810709225030713,312.2418834769767,1.0,0,0.7077450980392157,0.17521276467220193,0.06521701275201634
205,6592,100,999999.9999999993,0.6810709225030713,312.17610821852423,1.0,0,0.7078048780487805,0.17521276467220193,0.06521701275201634
206,6624,100,999999.9999999993,0.6810709225030713,312.2060659455355,1.0,0,0.7076213592233009,0.17521276467220193,0.06521701275201634
207,6656,100,999999.9999999993,0.6810709225030713,312.1388002918151,1.0,0,0.7078260869565217,0.17521276467220193,0.06521701275201634
208,6688,100,999999.9999999993,0.6810709225030713,312.22647617075614,1.0,0,0.707548076923077,0.17521276467220193,0.06521701275201634
209,6720,100,999999.9999999993,0.6810709225030713,312.1229077578331,1.0,0,0.7078468899521531,0.17521276467220193,0.06521701275201634
210,6752,100,999999.9999999993,0.6810709225030713,312.2486305379803,1.0,0,0.7078571428571429,0.17521276467220193,0.06521701275201634
211,6784,100,999999.9999999993,0.6810709225030713,312.2590637452288,1.0,0,0.707914691943128,0.17521276467220193,0.06521701275201634
212,6816,100,999999.9999999993,0.6810709225030713,312.28976314733046,1.0,0,0.7077358490566038,0.17521276467220193,0.06521701275201634
213,6848,100,999999.9999999993,0.6810709225030713,312.22579567762455,1.0,0,0.7074647887323944,0.17521276467220193,0.06521701275201634
214,6880,100,999999.9999999993,0.6810709225030713,312.12495567574615,1.0,0,0.7073364485981308,0.17521276467220193,0.06521701275201634
215,6912,100,999999.9999999993,0.6810709225030713,312.0803033923001,1.0,0,0.7069302325581396,0.17521276467220193,0.06521701275201634
216,6944,100,999999.9999999993,0.6810709225030713,311.9229658435621,1.0,0,0.7068518518518518,0.17521276467220193,0.06521701275201634
217,6976,100,999999.9999999993,0.6810709225030713,311.8969278033794,1.0,0,0.7070967741935484,0.17521276467220193,0.06521701275201634
218,7008,100,999999.9999999993,0.6810709225030713,311.9999971195253,1.0,0,0.7072935779816514,0.17521276467220193,0.06521701275201634
219,7040,100,999999.9999999993,0.6810709225030713,312.08347672880586,1.0,0,0.7074885844748858,0.17521276467220193,0.06521701275201634
220,7072,100,999999.9999999993,0.6810709225030713,312.16636710764845,1.0,0,0.7073636363636364,0.17521276467220193,0.06521701275201634
221,7104,100,999999.9999999993,0.6810709225030713,312.12185272553876,1.0,0,0.7076470588235294,0.17521276467220193,0.06521701275201634
222,7136,100,999999.9999999993,0.6810709225030713,312.24179359457565,1.0,0,0.7073873873873874,0.17521276467220193,0.06521701275201634
223,7168,100,999999.9999999993,0.6810709225030713,312.1444912876093,1.0,0,0.7073991031390134,0.17521276467220193,0.06521701275201634
224,7200,100,999999.9999999993,0.6810709225030713,312.155659020102,1.0,0,0.7073214285714285,0.17521276467220193,0.06521701275201634
225,7232,100,999999.9999999993,0.6810709225030713,312.1306741037816,1.0,0,0.7071555555555555,0.17521276467220193,0.06521701275201634
226,7264,100,999999.9999999993,0.6810709225030713,312.0707599068621,1.0,0,0.7072566371681416,0.17521276467220193,0.06521701275201634
227,7296,100,999999.9999999993,0.6810709225030713,312.11701823408106,1.0,0,0.7074008810572687,0.17521276467220193,0.06521701275201634
228,7328,100,999999.9999999993,0.6810709225030713,312.1789816085183,1.0,0,0.7075,0.17521276467220193,0.06521701275201634
229,7360,100,999999.9999999993,0.6810709225030713,312.22440412506205,1.0,0,0.7075109170305677,0.17521276467220193,0.06521701275201634
230,7392,100,999999.9999999993,0.6810709225030713,312.23420258481235,1.0,0,0.7075217391304348,0.17521276467220193,0.06521701275201634
231,7424,100,999999.9999999993,0.6810709225030713,312.24452243611614,1.0,0,0.7074891774891775,0.17521276467220193,0.06521701275201634
232,7456,100,999999.9999999993,0.6810709225030713,312.23670713938805,1.0,0,0.7078448275862069,0.17521276467220193,0.06521701275201634
233,7488,100,999999.9999999993,0.6810709225030713,312.38254376255037,1.0,0,0.7075965665236051,0.17521276467220193,0.06521701275201634
234,7520,100,999999.9999999993,0.6810709225030713,312.28893481243523,1.0,0,0.7076495726495726,0.17521276467220193,0.06521701275201634
235,7552,100,999999.9999999993,0.6810709225030713,312.3137220094845,1.0,0,0.7074893617021276,0.17521276467220193,0.06521701275201634
236,7584,100,999999.9999999993,0.6810709225030713,312.25584793818473,1.0,0,0.7073305084745762,0.17521276467220193,0.06521701275201634
237,7616,100,999999.9999999993,0.6810709225030713,312.19731980241085,1.0,0,0.7072995780590717,0.17521276467220193,0.06521701275201634
238,7648,100,999999.9999999993,0.6810709225030713,312.19001750562916,1.0,0,0.7071428571428572,0.17521276467220193,0.06521701275201634
239,7680,100,999999.9999999993,0.6810709225030713,312.13330939512815,1.0,0,0.7071129707112971,0.17521276467220193,0.06521701275201634
240,7712,100,999999.9999999993,0.6810709225030713,312.1269960662258,1.0,0,0.7069166666666666,0.17521276467220193,0.06521701275201634
241,7744,100,999999.9999999993,0.6810709225030713,312.05337649371967,1.0,0,0.7070539419087137,0.17521276467220193,0.06521701275201634
242,7776,100,999999.9999999993,0.6810709225030713,312.1131369349738,1.0,0,0.7068595041322314,0.17521276467220193,0.06521701275201634
243,7808,100,999999.9999999993,0.6810709225030713,312.0405645772155,1.0,0,0.707037037037037,0.17521276467220193,0.06521701275201634
244,7840,100,999999.9999999993,0.6810709225030713,312.11624287139335,1.0,0,0.7067213114754098,0.17521276467220193,0.06521701275201634
245,7872,100,999999.9999999993,0.6810709225030713,311.99492764708475,1.0,0,0.7068571428571429,0.17521276467220193,0.06521701275201634
246,7904,100,999999.9999999993,0.6810709225030713,312.0550927969105,1.0,0,0.7070731707317073,0.17521276467220193,0.06521701275201634
247,7936,100,999999.9999999993,0.6810709225030713,312.1470082578848,1.0,0,0.707085020242915,0.17521276467220193,0.06521701275201634
248,7968,100,999999.9999999993,0.6810709225030713,312.1565206476717,1.0,0,0.7073387096774194,0.17521276467220193,0.06521701275201634
249,8000,100,999999.9999999993,0.6810709225030713,312.2618546193777,1.0,0,0.70714859437751,0.17521276467220193,0.06521701275201634
250,8032,100,999999.9999999993,0.6810709225030713,312.19135450130744,1.0,0,0.70724,0.17521276467220193,0.06521701275201634
251,8064,100,999999.9999999993,0.6810709225030713,312.2334536343032,1.0,0,0.7072908366533864,0.17521276467220193,0.06521701275201634
252,8096,100,999999.9999999993,0.6810709225030713,312.2578632704883,1.0,0,0.7074206349206349,0.17521276467220193,0.06521701275201634
253,8128,100,999999.9999999993,0.6810709225030713,312.31318369306234,1.0,0,0.7075889328063241,0.17521276467220193,0.06521701275201634
254,8160,100,999999.9999999993,0.6810709225030713,312.38605945031475,1.0,0,0.7075984251968503,0.17521276467220193,0.06521701275201634
255,8192,100,999999.9999999993,0.6810709225030713,312.3940436777812,1.0,0,0.7074901960784313,0.17521276467220193,0.06521701275201634
256,8224,100,999999.9999999993,0.6810709225030713,312.3548716253192,1.0,0,0.7074609375,0.17521276467220193,0.06521701275201634
257,8256,100,999999.9999999993,0.6810709225030713,312.3476052480869,1.0,0,0.7075875486381323,0.17521276467220193,0.06521701275201634
258,8288,100,999999.9999999993,0.6810709225030713,312.40237450457096,1.0,0,0.7076356589147287,0.17521276467220193,0.06521701275201634
259,8320,100,999999.9999999993,0.6810709225030713,312.4266261676648,1.0,0,0.7076833976833977,0.17521276467220193,0.06521701275201634
260,8352,100,999999.9999999993,0.6810709225030713,312.4500805983622,1.0,0,0.7075769230769231,0.17521276467220193,0.06521701275201634
261,8384,100,999999.9999999993,0.6810709225030713,312.4121241995409,1.0,0,0.7076245210727969,0.17521276467220193,0.06521701275201634
262,8416,100,999999.9999999993,0.6810709225030713,312.4350627968051,1.0,0,0.7075954198473282,0.17521276467220193,0.06521701275201634
263,8448,100,999999.9999999993,0.6810709225030713,312.42861622975914,1.0,0,0.7076045627376426,0.17521276467220193,0.06521701275201634
264,8480,100,999999.9999999993,0.6810709225030713,312.4370162290436,1.0,0,0.7076893939393939,0.17521276467220193,0.06521701275201634
265,8512,100,999999.9999999993,0.6810709225030713,312.4738848504599,1.0,0,0.7076981132075472,0.17521276467220193,0.06521701275201634
266,8544,100,999999.9999999993,0.6810709225030713,312.4813140776558,1.0,0,0.7075563909774436,0.17521276467220193,0.06521701275201634
267,8576,100,999999.9999999993,0.6810709225030713,312.42942728295174,1.0,0,0.7075280898876405,0.17521276467220193,0.06521701275201634
268,8608,100,999999.9999999993,0.6810709225030713,312.42340094577656,1.0,0,0.7075373134328358,0.17521276467220193,0.06521701275201634
269,8640,100,999999.9999999993,0.6810709225030713,312.4299626789725,1.0,0,0.7076579925650558,0.17521276467220193,0.06521701275201634
270,8672,100,999999.9999999993,0.6810709225030713,312.4824079413285,1.0,0,0.7074814814814815,0.17521276467220193,0.06521701275201634
271,8704,100,999999.9999999993,0.6810709225030713,312.41504062093367,1.0,0,0.7074538745387454,0.17521276467220193,0.06521701275201634
272,8736,100,999999.9999999993,0.6810709225030713,312.40870938415435,1.0,0,0.707389705882353,0.17521276467220193,0.06521701275201634
273,8768,100,999999.9999999993,0.6810709225030713,312.38571938308445,1.0,0,0.7074725274725274,0.17521276467220193,0.06521701275201634
274,8800,100,999999.9999999993,0.6810709225030713,312.4226210178164,1.0,0,0.7074817518248175,0.17521276467220193,0.06521701275201634
275,8832,100,999999.9999999993,0.6810709225030713,312.43040116943416,1.0,0,0.7074909090909091,0.17521276467220193,0.06521701275201634
276,8864,100,999999.9999999993,0.6810709225030713,312.4369402515261,1.0,0,0.7076449275362319,0.17521276467220193,0.06521701275201634
277,8896,100,999999.9999999993,0.6810709225030713,312.5013287390191,1.0,0,0.7079061371841155,0.17521276467220193,0.06521701275201634
278,8928,100,999999.9999999993,0.6810709225030713,312.6088227211443,1.0,0,0.7078776978417266,0.17521276467220193,0.06521701275201634
279,8960,100,999999.9999999993,0.6810709225030713,312.6000806141559,1.0,0,0.7076344086021505,0.17521276467220193,0.06521701275201634
280,8992,100,999999.9999999993,0.6810709225030713,312.50672100672097,1.0,0,0.7076071428571429,0.17521276467220193,0.06521701275201634
281,9024,100,999999.9999999993,0.6810709225030713,312.4986371719879,1.0,0,0.7074377224199289,0.17521276467220193,0.06521701275201634
282,9056,100,999999.9999999993,0.6810709225030713,312.4347013326754,1.0,0,0.7073758865248228,0.17521276467220193,0.06521701275201634
283,9088,100,999999.9999999993,0.6810709225030713,312.4142474338171,1.0,0,0.7075265017667844,0.17521276467220193,0.06521701275201634
284,9120,100,999999.9999999993,0.6810709225030713,312.47653653029045,1.0,0,0.7076056338028169,0.17521276467220193,0.06521701275201634
285,9152,100,999999.9999999993,0.6810709225030713,312.5109739708248,1.0,0,0.7075087719298245,0.17521276467220193,0.06521701275201634
286,9184,100,999999.9999999993,0.6810709225030713,312.47674328285234,1.0,0,0.7074125874125874,0.17521276467220193,0.06521701275201634
287,9216,100,999999.9999999993,0.6810709225030713,312.44187215587374,1.0,0,0.7072822299651568,0.17521276467220193,0.06521701275201634
288,9248,100,999999.9999999993,0.6810709225030713,312.39367873063935,1.0,0,0.7071180555555555,0.17521276467220193,0.06521701275201634
289,9280,100,999999.9999999993,0.6810709225030713,312.3302644547293,1.0,0,0.706885813148789,0.17521276467220193,0.06521701275201634
290,9312,100,999999.9999999993,0.6810709225030713,312.2398623800548,1.0,0,0.7068965517241379,0.17521276467220193,0.06521701275201634
291,9344,100,999999.9999999993,0.6810709225030713,312.2482923246285,1.0,0,0.7070446735395189,0.17521276467220193,0.06521701275201634
292,9376,100,999999.9999999993,0.6810709225030713,312.31072306849313,1.0,0,0.7070890410958904,0.17521276467220193,0.06521701275201634
293,9408,100,999999.9999999993,0.6810709225030713,312.3309747552019,1.0,0,0.707098976109215,0.17521276467220193,0.06521701275201634
294,9440,100,999999.9999999993,0.6810709225030713,312.33773748083837,1.0,0,0.7073469387755102,0.17521276467220193,0.06521701275201634
295,9472,100,999999.9999999993,0.6810709225030713,312.44073165362954,1.0,0,0.7073559322033899,0.17521276467220193,0.06521701275201634
296,9504,100,999999.9999999993,0.6810709225030713,312.447740827221,1.0,0,0.7071283783783784,0.17521276467220193,0.06521701275201634
297,9536,100,999999.9999999993,0.6810709225030713,312.35989183921015,1.0,0,0.7071380471380472,0.17521276467220193,0.06521701275201634
298,9568,100,999999.9999999993,0.6810709225030713,312.3657768630001,1.0,0,0.7071140939597316,0.17521276467220193,0.06521701275201634
299,9600,100,999999.9999999993,0.6810709225030713,312.3586821160649,1.0,0,0.7069565217391305,0.17521276467220193,0.06521701275201634
300,9632,100,999999.9999999993,0.6810709225030713,312.29957844460597,1.0,0,0.7069666666666666,0.17521276467220193,0.06521701275201634
301,9664,100,999999.9999999993,0.6810709225030713,312.3058845553629,1.0,0,0.7070431893687708,0.17521276467220193,0.06521701275201634
302,9696,100,999999.9999999993,0.6810709225030713,312.3390721645964,1.0,0,0.7068874172185431,0.17521276467220193,0.06521701275201634
303,9728,100,999999.9999999993,0.6810709225030713,312.28030998740877,1.0,0,0.706996699669967,0.17521276467220193,0.06521701275201634
304,9760,100,999999.9999999993,0.6810709225030713,312.3279660879835,1.0,0,0.7071052631578948,0.17521276467220193,0.06521701275201634
305,9792,100,999999.9999999993,0.6810709225030713,312.373318085696,1.0,0,0.7071147540983607,0.17521276467220193,0.06521701275201634
306,9824,100,999999.9999999993,0.6810709225030713,312.37995201338197,1.0,0,0.7070588235294117,0.17521276467220193,0.06521701275201634
307,9856,100,999999.9999999993,0.6810709225030713,312.3609711500801,1.0,0,0.7070032573289903,0.17521276467220193,0.06521701275201634
308,9888,100,999999.9999999993,0.6810709225030713,312.34187080240486,1.0,0,0.706948051948052,0.17521276467220193,0.06521701275201634
309,9920,100,999999.9999999993,0.6810709225030713,312.3232872676446,1.0,0,0.7070226537216828,0.17521276467220193,0.06521701275201634
310,9952,100,999999.9999999993,0.6810709225030713,312.35595417545983,1.0,0,0.7069677419354838,0.17521276467220193,0.06521701275201634
311,9984,100,999999.9999999993,0.6810709225030713,312.3367837542472,1.0,0,0.7068810289389067,0.17521276467220193,0.06521701275201634
312,10016,100,999999.9999999993,0.6810709225030713,312.3054249395138,1.0,0,0.706698717948718,0.17521276467220193,0.06521701275201634
313,10048,100,999999.9999999993,0.6810709225030713,312.2358084097394,1.0,0,0.7065814696485623,0.17521276467220193,0.06521701275201634
314,10080,100,999999.9999999993,0.6810709225030713,312.19163677015274,1.0,0,0.7067197452229299,0.17521276467220193,0.06521701275201634
315,10112,100,999999.9999999993,0.6810709225030713,312.24936255186475,1.0,0,0.7068571428571429,0.17521276467220193,0.06521701275201634
316,10144,100,999999.9999999993,0.6810709225030713,312.3075511327261,1.0,0,0.7069303797468355,0.17521276467220193,0.06521701275201634
317,10176,100,999999.9999999993,0.6810709225030713,312.34007704291616,1.0,0,0.7070977917981073,0.17521276467220193,0.06521701275201634
318,10208,100,999999.9999999993,0.6810709225030713,312.4092524984396,1.0,0,0.7070125786163522,0.17521276467220193,0.06521701275201634
319,10240,100,999999.9999999993,0.6810709225030713,312.37879415511594,1.0,0,0.7069905956112853,0.17521276467220193,0.06521701275201634
320,10272,100,999999.9999999993,0.6810709225030713,312.3724746860092,1.0,0,0.70696875,0.17521276467220193,0.06521701275201634
321,10304,100,999999.9999999993,0.6810709225030713,312.3663692908608,1.0,0,0.7068535825545171,0.17521276467220193,0.06521701275201634
322,10336,100,999999.9999999993,0.6810709225030713,312.32158335511906,1.0,0,0.7068012422360248,0.17521276467220193,0.06521701275201634
323,10368,100,999999.9999999993,0.6810709225030713,312.3026527672799,1.0,0,0.7066563467492261,0.17521276467220193,0.06521701275201634
324,10400,100,999999.9999999993,0.6810709225030713,312.24769630033273,1.0,0,0.706574074074074,0.17521276467220193,0.06521701275201634
325,10432,100,999999.9999999993,0.6810709225030713,312.2189588725913,1.0,0,0.7065538461538462,0.17521276467220193,0.06521701275201634
326,10464,100,999999.9999999993,0.6810709225030713,312.2145362360735,1.0,0,0.7065337423312883,0.17521276467220193,0.06521701275201634
327,10496,100,999999.9999999993,0.6810709225030713,312.20962613622623,1.0,0,0.7065137614678899,0.17521276467220193,0.06521701275201634
328,10528,100,999999.9999999993,0.6810709225030713,312.20409052679867,1.0,0,0.7064024390243903,0.17521276467220193,0.06521701275201634
329,10560,100,999999.9999999993,0.6810709225030713,312.16342134268837,1.0,0,0.7065349544072949,0.17521276467220193,0.06521701275201634
330,10592,100,999999.9999999993,0.6810709225030713,312.2181554950888,1.0,0,0.7063030303030303,0.17521276467220193,0.06521701275201634
331,10624,100,999999.9999999993,0.6810709225030713,312.129181764586,1.0,0,0.7063141993957704,0.17521276467220193,0.06521701275201634
332,10656,100,999999.9999999993,0.6810709225030713,312.1352149847631,1.0,0,0.7062048192771084,0.17521276467220193,0.06521701275201634
333,10688,100,999999.9999999993,0.6810709225030713,312.0949324078453,1.0,0,0.705945945945946,0.17521276467220193,0.06521701275201634
334,10720,100,999999.9999999993,0.6810709225030713,311.99428313817367,1.0,0,0.7059281437125748,0.17521276467220193,0.06521701275201634
335,10752,100,999999.9999999993,0.6810709225030713,311.98981295735075,1.0,0,0.7059402985074626,0.17521276467220193,0.06521701275201634
336,10784,100,999999.9999999993,0.6810709225030713,311.9976914720261,1.0,0,0.7060416666666667,0.17521276467220193,0.06521701275201634
337,10816,100,999999.9999999993,0.6810709225030713,312.0404380661545,1.0,0,0.7060830860534124,0.17521276467220193,0.06521701275201634
338,10848,100,999999.9999999993,0.6810709225030713,312.05857164443796,1.0,0,0.706094674556213,0.17521276467220193,0.06521701275201634
339,10880,100,999999.9999999993,0.6810709225030713,312.0663154989139,1.0,0,0.706165191740413,0.17521276467220193,0.06521701275201634
340,10912,100,999999.9999999993,0.6810709225030713,312.09685584434493,1.0,0,0.7058823529411765,0.17521276467220193,0.06521701275201634
341,10944,100,999999.9999999993,0.6810709225030713,311.9873867063212,1.0,0,0.7058651026392961,0.17521276467220193,0.06521701275201634
342,10976,100,999999.9999999993,0.6810709225030713,311.98278218705457,1.0,0,0.7058771929824561,0.17521276467220193,0.06521701275201634
343,11008,100,999999.9999999993,0.6810709225030713,311.98983906610187,1.0,0,0.7060641399416909,0.17521276467220193,0.06521701275201634
344,11040,100,999999.9999999993,0.6810709225030713,312.06716588332694,1.0,0,0.7062209302325582,0.17521276467220193,0.06521701275201634
345,11072,100,999999.9999999993,0.6810709225030713,312.1321792540637,1.0,0,0.7065217391304348,0.17521276467220193,0.06521701275201634
346,11104,100,999999.9999999993,0.6810709225030713,312.2546743342293,1.0,0,0.7064161849710983,0.17521276467220193,0.06521701275201634
347,11136,100,999999.9999999993,0.6810709225030713,312.21394854089647,1.0,0,0.7065417867435159,0.17521276467220193,0.06521701275201634
348,11168,100,999999.9999999993,0.6810709225030713,312.26627048703637,1.0,0,0.7064655172413793,0.17521276467220193,0.06521701275201634
349,11200,100,999999.9999999993,0.6810709225030713,312.2382508825107,1.0,0,0.7065616045845272,0.17521276467220193,0.06521701275201634
350,11232,100,999999.9999999993,0.6810709225030713,312.27906966686595,1.0,0,0.7066285714285714,0.17521276467220193,0.06521701275201634
351,11264,100,999999.9999999993,0.6810709225030713,312.3078336827871,1.0,0,0.7066096866096866,0.17521276467220193,0.06521701275201634
352,11296,100,999999.9999999993,0.6810709225030713,312.30306048533146,1.0,0,0.7065625,0.17521276467220193,0.06521701275201634
353,11328,100,999999.9999999993,0.6810709225030713,312.2861088762067,1.0,0,0.7064305949008498,0.17521276467220193,0.06521701275201634
354,11360,100,999999.9999999993,0.6810709225030713,312.2354603706561,1.0,0,0.7066101694915254,0.17521276467220193,0.06521701275201634
355,11392,100,999999.9999999993,0.6810709225030713,312.30925155886604,1.0,0,0.7067887323943662,0.17521276467220193,0.06521701275201634
356,11424,100,999999.9999999993,0.6810709225030713,312.3820241440737,1.0,0,0.7068820224719101,0.17521276467220193,0.06521701275201634
357,11456,100,999999.9999999993,0.6810709225030713,312.4214826987102,1.0,0,0.7069467787114846,0.17521276467220193,0.06521701275201634
358,11488,100,999999.9999999993,0.6810709225030713,312.44941704807917,1.0,0,0.7070670391061452,0.17521276467220193,0.06521701275201634
359,11520,100,999999.9999999993,0.6810709225030713,312.4984120942485,1.0,0,0.7071030640668524,0.17521276467220193,0.06521701275201634
360,11552,100,999999.9999999993,0.6810709225030713,312.51530795794497,1.0,0,0.7070833333333333,0.17521276467220193,0.06521701275201634
361,11584,100,999999.9999999993,0.6810709225030713,312.5095351555185,1.0,0,0.7072299168975069,0.17521276467220193,0.06521701275201634
362,11616,100,999999.9999999993,0.6810709225030713,312.5699892737293,1.0,0,0.7070441988950277,0.17521276467220193,0.06521701275201634
363,11648,100,999999.9999999993,0.6810709225030713,312.4987804234813,1.0,0,0.7070247933884297,0.17521276467220193,0.06521701275201634
364,11680,100,999999.9999999993,0.6810709225030713,312.4927666733472,1.0,0,0.7070879120879121,0.17521276467220193,0.06521701275201634
365,11712,100,999999.9999999993,0.6810709225030713,312.51981628325086,1.0,0,0.7071506849315069,0.17521276467220193,0.06521701275201634
366,11744,100,999999.9999999993,0.6810709225030713,312.54730566145906,1.0,0,0.7071584699453551,0.17521276467220193,0.06521701275201634
367,11776,100,999999.9999999993,0.6810709225030713,312.5526430517711,1.0,0,0.7072207084468665,0.17521276467220193,0.06521701275201634
368,11808,100,999999.9999999993,0.6810709225030713,312.5792840282662,1.0,0,0.707391304347826,0.17521276467220193,0.06521701275201634
369,11840,100,999999.9999999993,0.6810709225030713,312.64982521824544,1.0,0,0.7075880758807588,0.17521276467220193,0.06521701275201634
370,11872,100,999999.9999999993,0.6810709225030713,312.73122553941363,1.0,0,0.7076486486486486,0.17521276467220193,0.06521701275201634
371,11904,100,999999.9999999993,0.6810709225030713,312.758051867148,1.0,0,0.7076819407008086,0.17521276467220193,0.06521701275201634
372,11936,100,999999.9999999993,0.6810709225030713,312.77403155983797,1.0,0,0.7078225806451612,0.17521276467220193,0.06521701275201634
373,11968,100,999999.9999999993,0.6810709225030713,312.8322695052144,1.0,0,0.7078552278820376,0.17521276467220193,0.06521701275201634
374,12000,100,999999.9999999993,0.6810709225030713,312.8472152536776,1.0,0,0.7077807486631016,0.17521276467220193,0.06521701275201634
375,12032,100,999999.9999999993,0.6810709225030713,312.82021256199266,1.0,0,0.7077866666666667,0.17521276467220193,0.06521701275201634
376,12064,100,999999.9999999993,0.6810709225030713,312.8251689269632,1.0,0,0.7076595744680851,0.17521276467220193,0.06521701275201634
377,12096,100,999999.9999999993,0.6810709225030713,312.77652773193654,1.0,0,0.7075862068965517,0.17521276467220193,0.06521701275201634
378,12128,100,999999.9999999993,0.6810709225030713,312.7482194395033,1.0,0,0.7076719576719577,0.17521276467220193,0.06521701275201634
379,12160,100,999999.9999999993,0.6810709225030713,312.78442132509423,1.0,0,0.7077044854881267,0.17521276467220193,0.06521701275201634
380,12192,100,999999.9999999993,0.6810709225030713,312.79898631000435,1.0,0,0.7077631578947369,0.17521276467220193,0.06521701275201634
381,12224,100,999999.9999999993,0.6810709225030713,312.82355627476534,1.0,0,0.707769028871391,0.17521276467220193,0.06521701275201634
382,12256,100,999999.9999999993,0.6810709225030713,312.8277161368049,1.0,0,0.70782722513089,0.17521276467220193,0.06521701275201634
383,12288,100,999999.9999999993,0.6810709225030713,312.8530838277991,1.0,0,0.707728459530026,0.17521276467220193,0.06521701275201634
384,12320,100,999999.9999999993,0.6810709225030713,312.81640386124417,1.0,0,0.70765625,0.17521276467220193,0.06521701275201634
385,12352,100,999999.9999999993,0.6810709225030713,312.78933247951954,1.0,0,0.7075844155844155,0.17521276467220193,0.06521701275201634
386,12384,100,999999.9999999993,0.6810709225030713,312.76211064056986,1.0,0,0.7076683937823834,0.17521276467220193,0.06521701275201634
387,12416,100,999999.9999999993,0.6810709225030713,312.7970449808049,1.0,0,0.7078036175710595,0.17521276467220193,0.06521701275201634
388,12448,100,999999.9999999993,0.6810709225030713,312.8530926592671,1.0,0,0.707680412371134,0.17521276467220193,0.06521701275201634
389,12480,100,999999.9999999993,0.6810709225030713,312.80600037368697,1.0,0,0.7076092544987147,0.17521276467220193,0.06521701275201634
390,12512,100,999999.9999999993,0.6810709225030713,312.77939864201556,1.0,0,0.7075897435897436,0.17521276467220193,0.06521701275201634
391,12544,100,999999.9999999993,0.6810709225030713,312.7734172553832,1.0,0,0.7074936061381074,0.17521276467220193,0.06521701275201634
392,12576,100,999999.9999999993,0.6810709225030713,312.7364008601453,1.0,0,0.7073214285714285,0.17521276467220193,0.06521701275201634
393,12608,100,999999.9999999993,0.6810709225030713,312.66965718992503,1.0,0,0.7073027989821883,0.17521276467220193,0.06521701275201634
394,12640,100,999999.9999999993,0.6810709225030713,312.6642847073537,1.0,0,0.7074365482233502,0.17521276467220193,0.06521701275201634
395,12672,100,999999.9999999993,0.6810709225030713,312.7187755554646,1.0,0,0.7073670886075949,0.17521276467220193,0.06521701275201634
396,12704,100,999999.9999999993,0.6810709225030713,312.6924901220343,1.0,0,0.7073232323232324,0.17521276467220193,0.06521701275201634
397,12736,100,999999.9999999993,0.6810709225030713,312.67768475580993,1.0,0,0.7073551637279597,0.17521276467220193,0.06521701275201634
398,12768,100,999999.9999999993,0.6810709225030713,312.6927050857011,1.0,0,0.7073366834170854,0.17521276467220193,0.06521701275201634
399,12800,100,999999.9999999993,0.6810709225030713,312.6877172030005,1.0,0,0.707468671679198,0.17521276467220193,0.06521701275201634
400,12832,100,999999.9999999993,0.6810709225030713,312.7414215571663,1.0,0,0.7075,0.17521276467220193,0.06521701275201634
401,12864,100,999999.9999999993,0.6810709225030713,312.7553076416477,1.0,0,0.7074812967581048,0.17521276467220193,0.06521701275201634
402,12896,100,999999.9999999993,0.6810709225030713,312.7484796644926,1.0,0,0.7074626865671642,0.17521276467220193,0.06521701275201634
403,12928,100,999999.9999999993,0.6810709225030713,312.7435421389935,1.0,0,0.7074193548387097,0.17521276467220193,0.06521701275201634
404,12960,100,999999.9999999993,0.6810709225030713,312.7279178276651,1.0,0,0.7074257425742574,0.17521276467220193,0.06521701275201634
405,12992,100,999999.9999999993,0.6810709225030713,312.73196210862034,1.0,0,0.7075308641975309,0.17521276467220193,0.06521701275201634
406,13024,100,999999.9999999993,0.6810709225030713,312.77491157175876,1.0,0,0.7074876847290641,0.17521276467220193,0.06521701275201634
407,13056,100,999999.9999999993,0.6810709225030713,312.759003629513,1.0,0,0.7074692874692875,0.17521276467220193,0.06521701275201634
408,13088,100,999999.9999999993,0.6810709225030713,312.7533214370795,1.0,0,0.7076225490196079,0.17521276467220193,0.06521701275201634
409,13120,100,999999.9999999993,0.6810709225030713,312.81633249597303,1.0,0,0.7076039119804401,0.17521276467220193,0.06521701275201634
410,13152,100,999999.9999999993,0.6810709225030713,312.8112453657424,1.0,0,0.7075365853658536,0.17521276467220193,0.06521701275201634
411,13184,100,999999.9999999993,0.6810709225030713,312.78614936326795,1.0,0,0.7075669099756691,0.17521276467220193,0.06521701275201634
412,13216,100,999999.9999999993,0.6810709225030713,312.80014634737665,1.0,0,0.7074514563106796,0.17521276467220193,0.06521701275201634
413,13248,100,999999.9999999993,0.6810709225030713,312.75555653242156,1.0,0,0.7074334140435835,0.17521276467220193,0.06521701275201634
414,13280,100,999999.9999999993,0.6810709225030713,312.75068796650703,1.0,0,0.7072463768115942,0.17521276467220193,0.06521701275201634
415,13312,100,999999.9999999993,0.6810709225030713,312.6778546233616,1.0,0,0.7072048192771084,0.17521276467220193,0.06521701275201634
416,13344,100,999999.9999999993,0.6810709225030713,312.6629288477392,1.0,0,0.7072596153846153,0.17521276467220193,0.06521701275201634
417,13376,100,999999.9999999993,0.6810709225030713,312.6868252717452,1.0,0,0.7072182254196643,0.17521276467220193,0.06521701275201634
418,13408,100,999999.9999999993,0.6810709225030713,312.67121103272837,1.0,0,0.7072727272727273,0.17521276467220193,0.06521701275201634
419,13440,100,999999.9999999993,0.6810709225030713,312.6947503978465,1.0,0,0.707255369928401,0.17521276467220193,0.06521701275201634
420,13472,100,999999.9999999993,0.6810709225030713,312.68962851416273,1.0,0,0.7074285714285714,0.17521276467220193,0.06521701275201634
421,13504,100,999999.9999999993,0.6810709225030713,312.75978507811146,1.0,0,0.7074346793349169,0.17521276467220193,0.06521701275201634
422,13536,100,999999.9999999993,0.6810709225030713,312.7631476057334,1.0,0,0.7075592417061611,0.17521276467220193,0.06521701275201634
423,13568,100,999999.9999999993,0.6810709225030713,312.8142841385569,1.0,0,0.7078014184397163,0.17521276467220193,0.06521701275201634
424,13600,100,999999.9999999993,0.6810709225030713,312.9124154523016,1.0,0,0.707877358490566,0.17521276467220193,0.06521701275201634
425,13632,100,999999.9999999993,0.6810709225030713,312.9445547562434,1.0,0,0.7080470588235294,0.17521276467220193,0.06521701275201634
426,13664,100,999999.9999999993,0.6810709225030713,313.0142116452405,1.0,0,0.708075117370892,0.17521276467220193,0.06521701275201634
427,13696,100,999999.9999999993,0.6810709225030713,313.0279495499563,1.0,0,0.708056206088993,0.17521276467220193,0.06521701275201634
428,13728,100,999999.9999999993,0.6810709225030713,313.02205749089893,1.0,0,0.7080607476635514,0.17521276467220193,0.06521701275201634
429,13760,100,999999.9999999993,0.6810709225030713,313.02523346024327,1.0,0,0.7079254079254079,0.17521276467220193,0.06521701275201634
430,13792,100,999999.9999999993,0.6810709225030713,312.9732115484821,1.0,0,0.7078372093023256,0.17521276467220193,0.06521701275201634
431,13824,100,999999.9999999993,0.6810709225030713,312.93977549774553,1.0,0,0.7078654292343387,0.17521276467220193,0.06521701275201634
432,13856,100,999999.9999999993,0.6810709225030713,312.9519677346058,1.0,0,0.7078240740740741,0.17521276467220193,0.06521701275201634
433,13888,100,999999.9999999993,0.6810709225030713,312.937426965356,1.0,0,0.7078983833718245,0.17521276467220193,0.06521701275201634
434,13920,100,999999.9999999993,0.6810709225030713,312.968842178728,1.0,0,0.7079493087557603,0.17521276467220193,0.06521701275201634
435,13952,100,999999.9999999993,0.6810709225030713,312.9904659740949,1.0,0,0.707816091954023,0.17521276467220193,0.06521701275201634
436,13984,100,999999.9999999993,0.6810709225030713,312.9385960802994,1.0,0,0.7078899082568807,0.17521276467220193,0.06521701275201634
437,14016,100,999999.9999999993,0.6810709225030713,312.9703923142172,1.0,0,0.7078489702517162,0.17521276467220193,0.06521701275201634
438,14048,100,999999.9999999993,0.6810709225030713,312.9557192049002,1.0,0,0.7079680365296803,0.17521276467220193,0.06521701275201634
439,14080,100,999999.9999999993,0.6810709225030713,313.00468118319003,1.0,0,0.7079498861047836,0.17521276467220193,0.06521701275201634
440,14112,100,999999.9999999993,0.6810709225030713,312.9987475921428,1.0,0,0.7080227272727273,0.17521276467220193,0.06521701275201634
441,14144,100,999999.9999999993,0.6810709225030713,313.0295675384392,1.0,0,0.7080952380952381,0.17521276467220193,0.06521701275201634
442,14176,100,999999.9999999993,0.6810709225030713,313.0606501472384,1.0,0,0.7081221719457014,0.17521276467220193,0.06521701275201634
443,14208,100,999999.9999999993,0.6810709225030713,313.07302695186826,1.0,0,0.7081941309255079,0.17521276467220193,0.06521701275201634
444,14240,100,999999.9999999993,0.6810709225030713,313.1028603714326,1.0,0,0.7082432432432433,0.17521276467220193,0.06521701275201634
445,14272,100,999999.9999999993,0.6810709225030713,313.1245169153442,1.0,0,0.7081797752808989,0.17521276467220193,0.06521701275201634
446,14304,100,999999.9999999993,0.6810709225030713,313.1011494029444,1.0,0,0.7081614349775784,0.17521276467220193,0.06521701275201634
447,14336,100,999999.9999999993,0.6810709225030713,313.0951557061025,1.0,0,0.7080984340044743,0.17521276467220193,0.06521701275201634
448,14368,100,999999.9999999993,0.6810709225030713,313.0715195537392,1.0,0,0.7080133928571428,0.17521276467220193,0.06521701275201634
449,14400,100,999999.9999999993,0.6810709225030713,313.03933001719525,1.0,0,0.7080623608017818,0.17521276467220193,0.06521701275201634
450,14432,100,999999.9999999993,0.6810709225030713,313.0609910763095,1.0,0,0.7080444444444445,0.17521276467220193,0.06521701275201634
451,14464,100,999999.9999999993,0.6810709225030713,313.0548284459481,1.0,0,0.7081374722838137,0.17521276467220193,0.06521701275201634
452,14496,100,999999.9999999993,0.6810709225030713,313.0936238617528,1.0,0,0.7081637168141592,0.17521276467220193,0.06521701275201634
453,14528,100,999999.9999999993,0.6810709225030713,313.10530360532897,1.0,0,0.7081898454746137,0.17521276467220193,0.06521701275201634
454,14560,100,999999.9999999993,0.6810709225030713,313.1174470398891,1.0,0,0.7082158590308371,0.17521276467220193,0.06521701275201634
455,14592,100,999999.9999999993,0.6810709225030713,313.12920812995515,1.0,0,0.7082857142857143,0.17521276467220193,0.06521701275201634
456,14624,100,999999.9999999993,0.6810709225030713,313.15930263667786,1.0,0,0.708311403508772,0.17521276467220193,0.06521701275201634
457,14656,100,999999.9999999993,0.6810709225030713,313.1701018390151,1.0,0,0.708293216630197,0.17521276467220193,0.06521701275201634
458,14688,100,999999.9999999993,0.6810709225030713,313.1637951514023,1.0,0,0.708471615720524,0.17521276467220193,0.06521701275201634
459,14720,100,999999.9999999993,0.6810709225030713,313.23651800371846,1.0,0,0.7084749455337691,0.17521276467220193,0.06521701275201634
460,14752,100,999999.9999999993,0.6810709225030713,313.2398678939969,1.0,0,0.7084130434782608,0.17521276467220193,0.06521701275201634
461,14784,100,999999.9999999993,0.6810709225030713,313.2165843747061,1.0,0,0.708351409978308,0.17521276467220193,0.06521701275201634
462,14816,100,999999.9999999993,0.6810709225030713,313.19291565673615,1.0,0,0.7083549783549784,0.17521276467220193,0.06521701275201634
463,14848,100,999999.9999999993,0.6810709225030713,313.19524689631214,1.0,0,0.7084233261339092,0.17521276467220193,0.06521701275201634
464,14880,100,999999.9999999993,0.6810709225030713,313.22383340556354,1.0,0,0.7082974137931034,0.17521276467220193,0.06521701275201634
465,14912,100,999999.9999999993,0.6810709225030713,313.1752598752599,1.0,0,0.7083655913978495,0.17521276467220193,0.06521701275201634
466,14944,100,999999.9999999993,0.6810709225030713,313.2034654433629,1.0,0,0.7084334763948498,0.17521276467220193,0.06521701275201634
467,14976,100,999999.9999999993,0.6810709225030713,313.2316704142879,1.0,0,0.7084154175588865,0.17521276467220193,0.06521701275201634
468,15008,100,999999.9999999993,0.6810709225030713,313.2256067966003,1.0,0,0.7083760683760684,0.17521276467220193,0.06521701275201634
469,15040,100,999999.9999999993,0.6810709225030713,313.2115987983482,1.0,0,0.7083368869936034,0.17521276467220193,0.06521701275201634
470,15072,100,999999.9999999993,0.6810709225030713,313.1973319196936,1.0,0,0.708404255319149,0.17521276467220193,0.06521701275201634
471,15104,100,999999.9999999993,0.6810709225030713,313.2256083316359,1.0,0,0.7083651804670913,0.17521276467220193,0.06521701275201634
472,15136,100,999999.9999999993,0.6810709225030713,313.21107490215184,1.0,0,0.7083050847457627,0.17521276467220193,0.06521701275201634
473,15168,100,999999.9999999993,0.6810709225030713,313.1884231803469,1.0,0,0.7082029598308668,0.17521276467220193,0.06521701275201634
474,15200,100,999999.9999999993,0.6810709225030713,313.1486341123375,1.0,0,0.7081223628691983,0.17521276467220193,0.06521701275201634
475,15232,100,999999.9999999993,0.6810709225030713,313.1169412106197,1.0,0,0.7081684210526316,0.17521276467220193,0.06521701275201634
476,15264,100,999999.9999999993,0.6810709225030713,313.1361750859028,1.0,0,0.7080882352941177,0.17521276467220193,0.06521701275201634
477,15296,100,999999.9999999993,0.6810709225030713,313.10520998969946,1.0,0,0.7080922431865828,0.17521276467220193,0.06521701275201634
478,15328,100,999999.9999999993,0.6810709225030713,313.1085910416519,1.0,0,0.7082008368200837,0.17521276467220193,0.06521701275201634
479,15360,100,999999.9999999993,0.6810709225030713,313.1531256588149,1.0,0,0.7079749478079332,0.17521276467220193,0.06521701275201634
480,15392,100,999999.9999999993,0.6810709225030713,313.06412188941596,1.0,0,0.7081041666666666,0.17521276467220193,0.06521701275201634
481,15424,100,999999.9999999993,0.6810709225030713,313.1160433771793,1.0,0,0.708045738045738,0.17521276467220193,0.06521701275201634
482,15456,100,999999.9999999993,0.6810709225030713,313.0939535339515,1.0,0,0.7081120331950207,0.17521276467220193,0.06521701275201634
483,15488,100,999999.9999999993,0.6810709225030713,313.1217801987401,1.0,0,0.7081159420289855,0.17521276467220193,0.06521701275201634
484,15520,100,999999.9999999993,0.6810709225030713,313.1238092575404,1.0,0,0.7081198347107438,0.17521276467220193,0.06521701275201634
485,15552,100,999999.9999999993,0.6810709225030713,313.1264472666259,1.0,0,0.7081443298969072,0.17521276467220193,0.06521701275201634
486,15584,100,999999.9999999993,0.6810709225030713,313.13815194832193,1.0,0,0.7081069958847737,0.17521276467220193,0.06521701275201634
487,15616,100,999999.9999999993,0.6810709225030713,313.12459154146126,1.0,0,0.7081930184804928,0.17521276467220193,0.06521701275201634
488,15648,100,999999.9999999993,0.6810709225030713,313.1598452329939,1.0,0,0.7081147540983607,0.17521276467220193,0.06521701275201634
489,15680,100,999999.9999999993,0.6810709225030713,313.129151519017,1.0,0,0.708036809815951,0.17521276467220193,0.06521701275201634
490,15712,100,999999.9999999993,0.6810709225030713,313.0995378254415,1.0,0,0.7081020408163266,0.17521276467220193,0.06521701275201634
491,15744,100,999999.9999999993,0.6810709225030713,313.12703312486343,1.0,0,0.7082281059063137,0.17521276467220193,0.06521701275201634
492,15776,100,999999.9999999993,0.6810709225030713,313.1786547614447,1.0,0,0.7082113821138212,0.17521276467220193,0.06521701275201634
493,15808,100,999999.9999999993,0.6810709225030713,313.17323389090853,1.0,0,0.7083367139959432,0.17521276467220193,0.06521701275201634
494,15840,100,999999.9999999993,0.6810709225030713,313.22423102100515,1.0,0,0.7084412955465587,0.17521276467220193,0.06521701275201634
495,15872,100,999999.9999999993,0.6810709225030713,313.2667711708478,1.0,0,0.7084040404040404,0.17521276467220193,0.06521701275201634
496,15904,100,999999.9999999993,0.6810709225030713,313.2534616110168,1.0,0,0.7084072580645161,0.17521276467220193,0.06521701275201634
497,15936,100,999999.9999999993,0.6810709225030713,313.256151581595,1.0,0,0.7083098591549296,0.17521276467220193,0.06521701275201634
498,15968,100,999999.9999999993,0.6810709225030713,313.21880162976703,1.0,0,0.7083734939759037,0.17521276467220193,0.06521701275201634
499,16000,100,999999.9999999993,0.6810709225030713,313.245167101501,1.0,0,0.708316633266533,0.17521276467220193,0.06521701275201634
